{"Result":[ 
	{	"code": "001",
		"name": "Club Campestre de Cali",
		"description": "",
		"country":"Colombia",
		"city":"Cali",
		"address": "Calle 5 Cra. 100 Frente al Centro Comercial Unicentro",
		"urlApi": "",
		"urlImage": "http://www.clubcampestredecali.com/sites/default/files/galeria/hotel-2.jpg",
		"location" : "",
		"active": false,
		"email": "clubcampestre@gmail.com",
		"tel": "5665515",
    	"mobile": "3003611762",
    	"fax": "",
		"app":[],
		"gallery":[]
	},
	{	"code": "002",
		"name": "Club Guaymaral",
		"description": "",
		"country":"Colombia",
		"city":"Bogota",
		"address": "Autopista Norte Km 17 costado occidental",
		"urlApi": "",
		"urlImage": "https://media-cdn.tripadvisor.com/media/photo-s/02/d0/95/04/club-campestre-guaymaral.jpg",
		"location" : "",
		"active": false,
		"email": "clubguaymaral@gmail.com",
		"tel": "5665515",
    	"mobile": "3003611762",
    	"fax": "",
		"app":[],
		"gallery":[]
	},
	{	"code": "003",
		"name": "Club El Rodeo",
		"description": "",
		"country":"Colombia",
		"city":"Medellin",
		"address": "Calle 2 sur 65 - 535",
		"urlApi": "",
		"urlImage": "http://www.aeroptica.com/wp-content/uploads/2013/10/DJI_00161.jpg",
		"location" : "",
		"active": false,
		"email": "clubelrodeo@gmail.com",
		"tel": "5665515",
    	"mobile": "3003611762",
    	"fax": "",
		"app":[],
		"gallery":[]
	}
]
}